Va_step,Iteration,Applied_Voltage,Error_V_L2,Error_V_Linf,Error_V_L1,Error_n_L2,Error_n_Linf,Error_n_L1,Error_p_L2,Error_p_Linf,Error_p_L1,Residual_Poisson_L2,Residual_Poisson_Linf,Residual_Poisson_L1,Residual_n_L2,Residual_n_Linf,Residual_n_L1,Residual_p_L2,Residual_p_Linf,Residual_p_L1,Error_V_Relative,Error_n_Relative,Error_p_Relative,Max_V_Change,Max_n_Change,Max_p_Change,Total_Error,Grid_Points,Device_Area
0,1,0,10.66708453104849,34.311038064919174,7.8009136443222875,9500000000.0,9500000000.0,9500000000.0,9500000000.0,9500000000.0,9500000000.0,8.870226588306352e-15,8.526512829121202e-14,5.6279313298137946e-15,384026475983.67456,5634997092352.0,157972983173.83606,378524291174.227,5634997092352.0,157590763261.32755,0.7574352675536912,1.0,1.0,34.311038064919174,9500000000.0,9500000000.0,1.0,3721,9e-14
0,2,0,3.3259498526519254e-16,3.552713678800501e-15,3.8441472227646045e-17,475000000.0,475000000.0,475000000.0,475000000.0,475000000.0,475000000.0,8.956496182294983e-15,8.526512829121202e-14,5.7100897472637915e-15,1.0269427621202995e+18,1.0269493629715502e+18,1.0269427621202173e+18,1.026942769249404e+18,1.0269493629715502e+18,1.0269427692493153e+18,2.3616497171096797e-17,0.04761904761904763,0.04761904761904763,3.552713678800501e-15,475000000.0,475000000.0,384026475983.67456,3721,9e-14
0,3,0,0.0,0.0,0.0,23750000.000000004,23750000.000001907,23750000.0,23750000.0,23750000.0,23750000.0,5.546991118222275e-07,3.2727247597511416e-05,9.401685569442229e-09,1.1322044116971194e+18,1.132210996476483e+18,1.1322044116970294e+18,1.1322044248719967e+18,1.132210446720669e+18,1.1322044248719022e+18,0.0,0.002375296912114015,0.0023752969121140144,0.0,23750000.000001907,23750000.0,1.026942769249404e+18,3721,9e-14
0,4,0,0.0,0.0,0.0,1187500.0000000005,1187500.0000019073,1187500.0000000005,1187500.0,1187500.0,1187500.0,1.1093982234638083e-06,3.2727247604616843e-05,3.7606725143417265e-08,1.1376022657091186e+18,1.1376105136571959e+18,1.1376022657090381e+18,1.1376022656721006e+18,1.1376094141455681e+18,1.1376022656720225e+18,0.0,0.00011875074219213875,0.00011875074219213871,0.0,1187500.0000019073,1187500.0,1.1322044248719967e+18,3721,9e-14
0,5,0,0.0,0.0,0.0,59374.999999999454,59375.0000038147,59374.999999999454,59375.0,59375.0,59375.0,1.4675959018037985e-06,3.2727247597511416e-05,6.581176470106269e-08,1.1378724800801542e+18,1.137878544995199e+18,1.1378724800800497e+18,1.1378724901445253e+18,1.1378766208498504e+18,1.1378724901444526e+18,0.0,5.937501855469275e-06,5.93750185546933e-06,0.0,59375.0000038147,59375.0,1.1376022657091186e+18,3721,9e-14
0,6,0,0.0,0.0,0.0,2968.7500000021914,2968.750005722046,2968.750000002192,2968.75,2968.75,2968.75,2.287083028274884e-06,6.545449519502283e-05,1.222218438653424e-07,1.137886045351797e+18,1.1379134978324172e+18,1.1378860453515907e+18,1.1378860514912323e+18,1.1378939815010244e+18,1.1378860514911365e+18,0.0,2.968750046388911e-07,2.968750046386719e-07,0.0,2968.750005722046,2968.75,1.1378724901445253e+18,3721,9e-14
0,7,0,0.0,0.0,0.0,148.4374999983562,148.4375057220459,148.4374999983562,148.4375000646559,148.43750190734863,148.4375000646559,6.468847672056713e-06,9.818174277121796e-05,1.1470049480928422e-06,1.1378866771222849e+18,1.1378919083420851e+18,1.1378866771220987e+18,1.1378866999086353e+18,1.1378927329758062e+18,1.1378866999085559e+18,0.0,1.4843750011432296e-08,1.4843750018062266e-08,0.0,148.4375057220459,148.43750190734863,1.1378860514912323e+18,3721,9e-14
0,8,0,0.0,0.0,0.0,7.421875061916242,7.421882629394531,7.4218750619162295,7.421875,7.421875,7.421875,2.148340422056962e-06,6.545449518081198e-05,1.0341848415888463e-07,1.1378867196330194e+18,1.1379109086986755e+18,1.1378867196328593e+18,1.1378867247040152e+18,1.1378933165126313e+18,1.137886724703947e+18,0.0,7.421875062206159e-10,7.421875000289917e-10,0.0,7.421882629394531,7.421875,1.1378866999086353e+18,3721,9e-14
0,9,0,0.0,0.0,0.0,0.37109368863193587,0.37110137939453125,0.37109368863170156,0.37109375,0.37109375,0.37109375,6.445021264455469e-06,6.545449518436469e-05,1.175209987642323e-06,1.1378867253127547e+18,1.1378924935679611e+18,1.137886725312582e+18,1.1378867494464507e+18,1.137893043323775e+18,1.1378867494463645e+18,0.0,3.710936886326607e-11,3.710937500007248e-11,0.0,0.37110137939453125,0.37109375,1.1378867247040152e+18,3721,9e-14
0,10,0,0.0,0.0,0.0,0.018554749421843358,0.018560409545898438,0.018554749416229678,0.0185546875,0.0185546875,0.0185546875,3.4193949719069376e-06,6.545449520212826e-05,2.444436820297804e-07,1.1378867365288442e+18,1.1379147587628759e+18,1.1378867365285906e+18,1.1378867248394017e+18,1.1378919438965998e+18,1.1378867248393298e+18,0.0,1.855474942184517e-12,1.855468750000181e-12,0.0,0.018560409545898438,0.0185546875,1.1378867494464507e+18,3721,9e-14
0,11,0,0.0,0.0,0.0,0.0009288065962160245,0.0009326934814453125,0.0009288064572565242,0.0009287506910768851,0.0009288787841796875,0.0009287505682704436,6.656389340074063e-06,6.545449518436469e-05,1.259825106507898e-06,1.1378866936336754e+18,1.1378911192671014e+18,1.1378866936335034e+18,1.1378867134798437e+18,1.1378911192671014e+18,1.1378867134797613e+18,0.0,9.288065962160289e-14,9.287506910768894e-14,0.0,0.0009326934814453125,0.0009288787841796875,1.1378867494464507e+18,3721,9e-14
0,12,0,0.0,0.0,0.0,4.578967541594127e-05,5.14984130859375e-05,4.5788421674693877e-05,4.577804519615542e-05,4.76837158203125e-05,4.5778010981208253e-05,6.6332366114890965e-06,6.545449520212826e-05,1.2504234266689576e-06,1.1378867507057994e+18,1.1379059626742874e+18,1.1378867507056168e+18,1.1378867455705917e+18,1.1378937306074291e+18,1.1378867455704892e+18,0.0,4.578967541594127e-15,4.577804519615542e-15,0.0,5.14984130859375e-05,4.76837158203125e-05,1.1378867494464507e+18,3721,9e-14
0,13,0,0.0,0.0,0.0,1.936171214499916e-06,9.5367431640625e-06,1.922690707422885e-06,2.0027675954183208e-06,3.814697265625e-06,1.972552449906636e-06,4.506396886554187e-06,9.818174277477067e-05,4.136739194478605e-07,1.1378866759536457e+18,1.1378896761583118e+18,1.1378866759534461e+18,1.1378866934826724e+18,1.1378900197556955e+18,1.137886693482568e+18,0.0,1.936171214499916e-16,2.0027675954183207e-16,0.0,9.5367431640625e-06,3.814697265625e-06,1.1378867507057994e+18,3721,9e-14
0,14,0,0.0,0.0,0.0,5.890431536105074e-07,7.62939453125e-06,6.35600233858805e-08,7.918696460992775e-08,1.9073486328125e-06,3.28758741651106e-09,7.103614653332176e-06,9.818174279253424e-05,7.709377540764638e-07,1.1378867165853329e+18,1.137927952906854e+18,1.1378867165847494e+18,1.1378866893926258e+18,1.137890019755696e+18,1.1378866893924754e+18,0.0,5.890431536105075e-17,7.918696460992774e-18,0.0,7.62939453125e-06,1.9073486328125e-06,1.1378867507057994e+18,3721,9e-14
0,15,0,0.0,0.0,0.0,1.0697569835969503e-06,1.1444091796875e-05,2.3287077533620008e-07,1.3715584600155347e-07,1.9073486328125e-06,9.86276224953318e-09,1.3733704783808146e-05,0.00016363623795913538,3.318792995563462e-06,1.137886650144957e+18,1.1378918064620909e+18,1.1378866501441215e+18,1.1378866790991802e+18,1.1378915444690871e+18,1.1378866790988316e+18,0.0,1.0697569835969503e-16,1.3715584600155346e-17,0.0,1.1444091796875e-05,1.9073486328125e-06,1.1378867507057994e+18,3721,9e-14
0,16,0,0.0,0.0,0.0,1.4775673665226357e-06,1.33514404296875e-05,4.071129084112863e-07,1.293117717161017e-07,1.9073486328125e-06,8.766899777362827e-09,1.6696351119345754e-05,0.0001963634855353305,3.948705545902534e-06,1.1378867477983245e+18,1.1379488436277815e+18,1.1378867477968097e+18,1.1378866674576114e+18,1.1378920942249005e+18,1.1378866674570728e+18,0.0,1.4775673665226357e-16,1.293117717161017e-17,0.0,1.33514404296875e-05,1.9073486328125e-06,1.1378867507057994e+18,3721,9e-14
0,17,0,0.0,0.0,0.0,2.0570836820354183e-06,1.9073486328125e-05,6.942288761199189e-07,1.44574955924069e-07,1.9073486328125e-06,1.0958624721703534e-08,2.2429332489188642e-05,0.00022909073313639463,8.245273240843305e-06,1.1378866186440209e+18,1.1378941429242994e+18,1.137886618641821e+18,1.1378866521448895e+18,1.1378931937365293e+18,1.1378866521438941e+18,0.0,2.0570836820354184e-16,1.4457495592406902e-17,0.0,1.9073486328125e-05,1.9073486328125e-06,1.1378867507057994e+18,3721,9e-14
0,18,0,0.0,0.0,0.0,2.6429946945927113e-06,2.288818359375e-05,1.0498362483391985e-06,1.3715584600155347e-07,3.814697265625e-06,8.766899777362827e-09,2.793944044151935e-05,0.0002945452283136539,1.035124952890004e-05,1.1378867779750022e+18,1.1379779806859168e+18,1.1378867779717774e+18,1.1378866371430638e+18,1.1378931937365285e+18,1.1378866371414868e+18,0.0,2.642994694592711e-16,1.3715584600155346e-17,0.0,2.288818359375e-05,3.814697265625e-06,1.1378867507057994e+18,3721,9e-14
0,19,0,0.0,0.0,0.0,3.1063435723545014e-06,2.47955322265625e-05,1.3451711845891088e-06,1.7999436856383055e-07,3.814697265625e-06,1.3698280902129418e-08,2.9969156379728168e-05,0.0002618179807268006,1.3322180363996916e-05,1.1378865859986194e+18,1.13789751017866e+18,1.1378865859946022e+18,1.1378866170480966e+18,1.137893593168487e+18,1.13788661704538e+18,0.0,3.1063435723545016e-16,1.7999436856383055e-17,0.0,2.47955322265625e-05,3.814697265625e-06,1.1378867779750022e+18,3721,9e-14
0,20,0,0.0,0.0,0.0,3.503818126998068e-06,2.6702880859375e-05,1.62790370240906e-06,1.7706743579966856e-07,3.814697265625e-06,1.4246212138214593e-08,3.734241670967182e-05,0.00042545421867527783,1.5569181850112723e-05,1.1378868100722054e+18,1.1379862270231254e+18,1.1378868100674163e+18,1.1378865972496684e+18,1.1378949675580223e+18,1.1378865972460095e+18,0.0,3.503818126998068e-16,1.7706743579966856e-17,0.0,2.6702880859375e-05,3.814697265625e-06,1.1378867779750022e+18,3721,9e-14
0,21,0,0.0,0.0,0.0,3.838730533094864e-06,2.86102294921875e-05,1.8925544894382003e-06,2.524893057841496e-07,3.814697265625e-06,2.136931820732189e-08,3.597000270400319e-05,0.00032727247591116533,1.802302029293182e-05,1.1378865596713692e+18,1.13789751017866e+18,1.1378865596658728e+18,1.1378865631020531e+18,1.1378968917033706e+18,1.1378865630961189e+18,0.0,3.838730533094864e-16,2.524893057841496e-17,0.0,2.86102294921875e-05,3.814697265625e-06,1.1378868100722054e+18,3721,9e-14
0,22,0,0.0,0.0,0.0,4.131278379058786e-06,3.0517578125e-05,2.139671476912615e-06,2.3756089382978325e-07,3.814697265625e-06,2.1917249443407067e-08,4.6289964916085804e-05,0.0005890904566273078,2.045805537643178e-05,1.1378868413896884e+18,1.1380016201859124e+18,1.1378868413833117e+18,1.1378865256600323e+18,1.137898540970813e+18,1.1378865256512428e+18,0.0,4.131278379058786e-16,2.3756089382978325e-17,0.0,3.0517578125e-05,3.814697265625e-06,1.1378868100722054e+18,3721,9e-14
0,23,0,0.0,0.0,0.0,4.362356144820424e-06,3.0517578125e-05,2.365419146179708e-06,2.818284725603442e-07,3.814697265625e-06,2.8492424276429187e-08,4.115628178549731e-05,0.00045818146626568383,2.2122152711090907e-05,1.1378865325930459e+18,1.1378975101786597e+18,1.13788653258574e+18,1.1378864842502561e+18,1.1379004651161614e+18,1.1378864842374977e+18,0.0,4.3623561448204243e-16,2.818284725603442e-17,0.0,3.0517578125e-05,3.814697265625e-06,1.1378868413896884e+18,3721,9e-14
0,24,0,0.0,0.0,0.0,4.5287975137102485e-06,3.0517578125e-05,2.570345428475564e-06,4.1146753800466036e-07,7.62939453125e-06,4.273863641464378e-08,5.661192935023731e-05,0.0007854539421697437,2.5196502025078247e-05,1.1378868637231154e+18,1.1380016201859117e+18,1.1378868637156419e+18,1.1378864231040133e+18,1.1379037636510455e+18,1.1378864230846088e+18,0.0,4.528797513710249e-16,4.114675380046604e-17,0.0,3.0517578125e-05,7.62939453125e-06,1.1378868413896884e+18,3721,9e-14
0,25,0,0.0,0.0,0.0,4.663522869527347e-06,3.0517578125e-05,2.7560941175084386e-06,4.881412334940474e-07,7.62939453125e-06,5.479312360851767e-08,4.8977136001156906e-05,0.0006872721993985257,2.6099063291061576e-05,1.137886523710043e+18,1.1378993656045318e+18,1.1378865237021536e+18,1.1378863515027052e+18,1.1379076119417427e+18,1.1378863514725888e+18,0.0,4.663522869527347e-16,4.881412334940474e-17,0.0,3.0517578125e-05,7.62939453125e-06,1.1378868637231154e+18,3721,9e-14
0,26,0,0.0,0.0,0.0,4.800998848433769e-06,3.0517578125e-05,2.933075906763951e-06,5.943419993400649e-07,7.62939453125e-06,7.123106069107297e-08,7.283476047283533e-05,0.0009818174277121798,3.0320417547951795e-05,1.1378868739251333e+18,1.138002444819634e+18,1.1378868739169796e+18,1.1378862644329108e+18,1.1379125597440684e+18,1.1378862643887846e+18,0.0,4.80099884843377e-16,5.943419993400649e-17,0.0,3.0517578125e-05,7.62939453125e-06,1.1378868637231154e+18,3721,9e-14
0,27,0,0.0,0.0,0.0,4.908101502334134e-06,3.0517578125e-05,3.0969073463534187e-06,7.008531017199629e-07,9.5367431640625e-06,8.766899777362827e-08,6.31797174653893e-05,0.0009490901801217737,3.06024679432502e-05,1.1378865146595628e+18,1.1378993656045318e+18,1.137886514650766e+18,1.137886152595736e+18,1.1379175075463939e+18,1.1378861525292785e+18,0.0,4.908101502334134e-16,7.00853101719963e-17,0.0,3.0517578125e-05,9.5367431640625e-06,1.1378868739251333e+18,3721,9e-14
0,28,0,0.0,0.0,0.0,5.007075533852226e-06,3.0517578125e-05,3.2508760236933532e-06,9.034488880016599e-07,1.1444091796875e-05,1.1342176586963158e-07,9.797468748545114e-05,0.0013418171512066454,3.633749265750248e-05,1.1378868864071136e+18,1.1380049187207958e+18,1.1378868863983994e+18,1.1378860189192175e+18,1.1379246543719754e+18,1.1378860188181937e+18,0.0,5.007075533852226e-16,9.034488880016598e-17,0.0,3.0517578125e-05,1.1444091796875e-05,1.1378868739251333e+18,3721,9e-14
0,29,0,0.0,0.0,0.0,5.109247032674152e-06,3.0517578125e-05,3.396077801255925e-06,1.1254582282586315e-06,1.52587890625e-05,1.479414337429977e-07,9.092159757323546e-05,0.0014072716463874575,3.6356296016874765e-05,1.1378865120096626e+18,1.1378993656045318e+18,1.137886512000496e+18,1.137885842945832e+18,1.137934000220812e+18,1.1378858427907579e+18,0.0,5.109247032674152e-16,1.1254582282586314e-16,0.0,3.0517578125e-05,1.52587890625e-05,1.1378868864071136e+18,3721,9e-14
0,30,0,0.0,0.0,0.0,5.196258030348453e-06,3.0517578125e-05,3.5308688853328785e-06,1.500030486300217e-06,2.09808349609375e-05,1.9999490117108948e-07,0.00014056780339165298,0.0018981803602435474,4.4563962534204406e-05,1.1378868909184676e+18,1.1380054684766084e+18,1.1378868909093064e+18,1.13788560401408e+18,1.1379455450929055e+18,1.1378856037683412e+18,0.0,5.196258030348453e-16,1.500030486300217e-16,0.0,3.0517578125e-05,2.09808349609375e-05,1.1378868864071136e+18,3721,9e-14
0,31,0,0.0,0.0,0.0,5.279262950619846e-06,3.0517578125e-05,3.6579889321046395e-06,1.8708356820097178e-06,2.47955322265625e-05,2.5697974972394784e-07,0.00014301451251896654,0.002192725588557201,4.500584148720946e-05,1.1378865073217569e+18,1.1378993656045318e+18,1.1378865073119365e+18,1.1378853041213669e+18,1.1379598387440676e+18,1.137885303731533e+18,0.0,5.279262950619846e-16,1.870835682009718e-16,0.0,3.0517578125e-05,2.47955322265625e-05,1.1378868909184676e+18,3721,9e-14
0,32,0,0.0,0.0,0.0,5.358740512475989e-06,3.0517578125e-05,3.7757941478629525e-06,2.3687802462461272e-06,2.86102294921875e-05,3.3478598524804295e-07,0.00021159499122232504,0.002716361550003697,5.666392451298977e-05,1.1378869004835721e+18,1.1380054684766065e+18,1.1378869004739488e+18,1.1378849294900151e+18,1.1379768811743007e+18,1.1378849288825894e+18,0.0,5.358740512475989e-16,2.3687802462461272e-16,0.0,3.0517578125e-05,2.86102294921875e-05,1.1378868909184676e+18,3721,9e-14
0,33,0,0.0,0.0,0.0,5.412782860324424e-06,3.0517578125e-05,3.879353151483051e-06,3.04655487966527e-06,3.62396240234375e-05,4.3341360774337477e-07,0.00023138201486915157,0.0033054520066310047,5.849725208527024e-05,1.1378865092171507e+18,1.1378993656045318e+18,1.137886509207102e+18,1.1378844393742308e+18,1.137999696040579e+18,1.1378844384037233e+18,0.0,5.412782860324424e-16,3.04655487966527e-16,0.0,3.0517578125e-05,3.62396240234375e-05,1.1378869004835721e+18,3721,9e-14
0,34,0,0.0,0.0,0.0,5.4596909334965795e-06,3.0517578125e-05,3.973597324089701e-06,3.859366098416445e-06,4.57763671875e-05,5.566981358625395e-07,0.0003283031573868061,0.004090905948800749,7.519463551563411e-05,1.1378869061891804e+18,1.1380054684766031e+18,1.1378869061792046e+18,1.1378838178853859e+18,1.1380274587091836e+18,1.1378838163397018e+18,0.0,5.45969093349658e-16,3.859366098416445e-16,0.0,3.0517578125e-05,4.57763671875e-05,1.1378869004835721e+18,3721,9e-14
0,35,0,0.0,0.0,0.0,5.499837312201894e-06,3.0517578125e-05,4.0596225281550736e-06,4.939409240582438e-06,5.7220458984375e-05,7.271047502850294e-07,0.0003788160407239793,0.0050399961289225225,8.102367702819985e-05,1.1378865079146612e+18,1.1378993656045318e+18,1.1378865079041756e+18,1.137883016849792e+18,1.1380631928370899e+18,1.137883014387064e+18,0.0,5.499837312201894e-16,4.939409240582438e-16,0.0,3.0517578125e-05,5.7220458984375e-05,1.1378869061891804e+18,3721,9e-14
0,36,0,0.0,0.0,0.0,5.526660166745959e-06,3.0517578125e-05,4.134689107498743e-06,6.347400397836476e-06,7.2479248046875e-05,9.55044144496463e-07,0.0005202784934520617,0.006218177042177138,0.0001050825757884402,1.1378869096636343e+18,1.1380054684765969e+18,1.1378869096536548e+18,1.1378820054820255e+18,1.1381068984242993e+18,1.1378820015474934e+18,0.0,5.526660166745959e-16,6.347400397836475e-16,0.0,3.0517578125e-05,7.2479248046875e-05,1.1378869061891804e+18,3721,9e-14
0,37,0,0.0,0.0,0.0,5.548364142188362e-06,3.0517578125e-05,4.199344993356794e-06,8.13540889399788e-06,9.34600830078125e-05,1.234489074899903e-06,0.0006241565506585184,0.0077890849265166255,0.00011942013757367083,1.1378865112805687e+18,1.1378993656045318e+18,1.1378865112700681e+18,1.1378806962898991e+18,1.1381624237615075e+18,1.137880689948708e+18,0.0,5.548364142188362e-16,8.13540889399788e-16,0.0,3.0517578125e-05,9.34600830078125e-05,1.1378869096636343e+18,3721,9e-14
0,38,0,0.0,0.0,0.0,5.568388463437905e-06,3.0517578125e-05,4.255781910673567e-06,1.031980653348487e-05,0.0001163482666015625,1.6037947280213121e-06,0.000835066305592393,0.009687265286745963,0.00015450720680899594,1.1378869097919976e+18,1.1380054684765862e+18,1.1378869097819926e+18,1.1378790380511607e+18,1.1382314181161585e+18,1.137879027896157e+18,0.0,5.568388463437905e-16,1.0319806533484869e-15,0.0,3.0517578125e-05,0.0001163482666015625,1.1378869096636343e+18,3721,9e-14
0,39,0,0.0,0.0,0.0,5.5873123637703366e-06,3.0517578125e-05,4.305095721921233e-06,1.337193298651925e-05,0.0001506805419921875,2.089261803192779e-06,0.0010273863157566527,0.012043627113269404,0.00018337036397694976,1.1378865155743144e+18,1.1378993656045316e+18,1.1378865155638016e+18,1.1378768920647395e+18,1.1383193790463896e+18,1.1378768756553647e+18,0.0,5.587312363770336e-16,1.337193298651925e-15,0.0,3.0517578125e-05,0.0001506805419921875,1.1378869097919976e+18,3721,9e-14
0,40,0,0.0,0.0,0.0,5.601789831287347e-06,3.0517578125e-05,4.345094702155451e-06,1.7219387079125546e-05,0.0001926422119140625,2.74568342402282e-06,0.0013577109212392273,0.01557816985301904,0.00023798472228012024,1.1378869165632541e+18,1.1380054684765683e+18,1.1378869165532402e+18,1.1378741294518427e+18,1.1384293302091796e+18,1.1378741028523731e+18,0.0,5.601789831287347e-16,1.7219387079125547e-15,0.0,3.0517578125e-05,0.0001926422119140625,1.1378869097919976e+18,3721,9e-14
0,41,0,0.0,0.0,0.0,5.611296560965621e-06,3.0517578125e-05,4.3746829889040505e-06,2.20958592919911e-05,0.0002460479736328125,3.5593613096093075e-06,0.0016981005093372119,0.019276348830734917,0.00029168711763653875,1.1378865189402237e+18,1.1378993656045313e+18,1.1378865189296938e+18,1.1378705680709371e+18,1.138567868674294e+18,1.1378705248681356e+18,0.0,5.611296560965621e-16,2.2095859291991098e-15,0.0,3.0517578125e-05,0.0002460479736328125,1.1378869165632541e+18,3721,9e-14
0,42,0,0.0,0.0,0.0,5.619206549513596e-06,3.0517578125e-05,4.396052307111372e-06,2.8445724201915145e-05,0.00031280517578125,4.659607231668343e-06,0.0022216470171976996,0.025167253397007993,0.0003790757319293813,1.1378869163264041e+18,1.1380054684765373e+18,1.137886916316364e+18,1.1378659958437348e+18,1.1387429659010367e+18,1.1378659255954518e+18,0.0,5.619206549513596e-16,2.8445724201915145e-15,0.0,3.0517578125e-05,0.00031280517578125,1.1378869165632541e+18,3721,9e-14
0,43,0,0.0,0.0,0.0,5.626083837115667e-06,3.0517578125e-05,4.410298519249587e-06,3.662444910434459e-05,0.0004024505615234375,6.056283952449458e-06,0.002809763727765776,0.03154906667713716,0.0004756497874444797,1.1378865213585678e+18,1.1378993656045306e+18,1.1378865213480035e+18,1.1378601222178502e+18,1.1389782613894214e+18,1.1378600076989298e+18,0.0,5.626083837115668e-16,3.662444910434459e-15,0.0,3.0517578125e-05,0.0004024505615234375,1.1378869165632541e+18,3721,9e-14
0,44,0,0.0,0.0,0.0,5.628962365744582e-06,3.0517578125e-05,4.416325762846524e-06,4.716192620606995e-05,0.0005130767822265625,7.915962567722547e-06,0.003654692631715125,0.040876332240402866,0.0006186211330657971,1.1378869163757541e+18,1.1380054684764841e+18,1.137886916365698e+18,1.1378525482956076e+18,1.1392863995231474e+18,1.1378523613566527e+18,0.0,5.628962365744582e-16,4.716192620606995e-15,0.0,3.0517578125e-05,0.0005130767822265625,1.1378869165632541e+18,3721,9e-14
0,45,0,0.0,0.0,0.0,5.6284053460642575e-06,3.0517578125e-05,4.416325762846524e-06,6.082827837618301e-05,0.0006561279296875,1.0320284831664303e-05,0.004655998628747836,0.05161086945005603,0.0007881804293290846,1.1378865251489189e+18,1.1378999840798225e+18,1.1378865251383337e+18,1.1378428301517923e+18,1.1396813990754714e+18,1.1378425245819667e+18,0.0,5.6284053460642575e-16,6.082827837618301e-15,0.0,3.0517578125e-05,0.0006561279296875,1.1378869165632541e+18,3721,9e-14
0,46,0,0.0,0.0,0.0,5.6281268155508585e-06,3.0517578125e-05,4.415777831610439e-06,7.849625969261339e-05,0.0008411407470703125,1.3457739089488025e-05,0.006038158013967052,0.06656722159887157,0.0010263813902457654,1.1378869149544064e+18,1.1380054684763933e+18,1.1378869149443434e+18,1.1378303337551337e+18,1.1401879990580352e+18,1.1378298332587887e+18,0.0,5.628126815550858e-16,7.84962596926134e-15,0.0,3.0517578125e-05,0.0008411407470703125,1.1378869165632541e+18,3721,9e-14
0,47,0,0.0,0.0,0.0,5.629797791929569e-06,3.0517578125e-05,4.416873694082609e-06,0.00010135657714562651,0.0010776519775390625,1.76022909592363e-05,0.0077324754548028975,0.08453448052600446,0.001320842003440546,1.1378865251884019e+18,1.1378999840798225e+18,1.1378865251778163e+18,1.1378142477801856e+18,1.1408380853080344e+18,1.1378134266296113e+18,0.0,5.629797791929569e-16,1.013565771456265e-14,0.0,3.0517578125e-05,0.0010776519775390625,1.1378869165632541e+18,3721,9e-14
0,48,0,0.0,0.0,0.0,5.6300762397766085e-06,3.0517578125e-05,4.417421625318695e-06,0.00013097182825278755,0.001377105712890625,2.2987359147481417e-05,0.01001383920270441,0.10868718924772408,0.0017225099720718034,1.1378869163757541e+18,1.1380054684762391e+18,1.1378869163656978e+18,1.1377935852340404e+18,1.1416742639010644e+18,1.1377922360041103e+18,0.0,5.630076239776608e-16,1.3097182825278756e-14,0.0,3.0517578125e-05,0.001377105712890625,1.1378869165632541e+18,3721,9e-14
0,49,0,0.0,0.0,0.0,5.6284053460642575e-06,3.0517578125e-05,4.416325762846524e-06,0.0001692928965737299,0.001766204833984375,3.005074071185543e-05,0.01287044934786476,0.13846898455499354,0.002230501538232194,1.1378865251489189e+18,1.1378999840798225e+18,1.1378865251383337e+18,1.1377670477691867e+18,1.1427471123719956e+18,1.1377648271113481e+18,0.0,5.6284053460642575e-16,1.692928965737299e-14,0.0,3.0517578125e-05,0.001766204833984375,1.1378869165632541e+18,3721,9e-14
0,50,0,0.0,0.0,0.0,5.6281268155508585e-06,3.0517578125e-05,4.415777831610439e-06,0.00021896523810164756,0.0022602081298828125,3.9292696870904104e-05,0.016659271754193967,0.17777440891107113,0.0029120293112367425,1.1378869149544064e+18,1.138005468475976e+18,1.1378869149443434e+18,1.1377330201953458e+18,1.1441248004417722e+18,1.1377293595422847e+18,0.0,5.628126815550858e-16,2.1896523810164755e-14,0.0,3.0517578125e-05,0.0022602081298828125,1.1378869165632541e+18,3721,9e-14
0,51,0,0.0,0.0,0.0,5.629797791929569e-06,3.0517578125e-05,4.416873694082609e-06,0.00028339879207106566,0.002899169921875,5.135869062073578e-05,0.021469301090318305,0.22699618928704174,0.003785661608807286,1.137886525188402e+18,1.1378999840798225e+18,1.1378865251778163e+18,1.1376895146082459e+18,1.1458958387964266e+18,1.1376834718872224e+18,0.0,5.629797791929569e-16,2.8339879207106566e-14,0.0,3.0517578125e-05,0.002899169921875,1.1378869165632541e+18,3721,9e-14
0,52,0,0.0,0.0,0.0,5.6300762397766085e-06,3.0517578125e-05,4.417421625318695e-06,0.00036696860754831023,0.003719329833984375,6.721253300562428e-05,0.027793551110879437,0.2913379580497799,0.0049461109538472044,1.1378869163757541e+18,1.1380054684755284e+18,1.137886916365698e+18,1.1376340338020774e+18,1.148172102744113e+18,1.1376240447024608e+18,0.0,5.630076239776608e-16,3.6696860754831025e-14,0.0,3.0517578125e-05,0.003719329833984375,1.1378869165632541e+18,3721,9e-14
0,53,0,0.0,0.0,0.0,5.6284053460642575e-06,3.0517578125e-05,4.416325762846524e-06,0.00047529425745986047,0.0047702789306640625,8.794899063526779e-05,0.035889535872296964,0.3726651683119388,0.006447568629065605,1.1378865251489189e+18,1.1378999840798225e+18,1.1378865251383337e+18,1.137563595427363e+18,1.1510987278197015e+18,1.1375470622545069e+18,0.0,5.6284053460642575e-16,4.7529425745986047e-14,0.0,3.0517578125e-05,0.0047702789306640625,1.1378869165632541e+18,3721,9e-14
0,54,0,0.0,0.0,0.0,5.6281268155508585e-06,3.0517578125e-05,4.415777831610439e-06,0.0006160124906774369,0.006122589111328125,0.00011509076441474702,0.04648008787398792,0.4782432690385885,0.008429640178694206,1.1378869149544064e+18,1.1380054684747675e+18,1.1378869149443434e+18,1.1374747051656703e+18,1.154862356122044e+18,1.1374473043449325e+18,0.0,5.628126815550858e-16,6.16012490677437e-14,0.0,3.0517578125e-05,0.006122589111328125,1.1378869165632541e+18,3721,9e-14
0,55,0,0.0,0.0,0.0,5.629797791929569e-06,3.0517578125e-05,4.416873694082609e-06,0.0007987515849486034,0.007863998413085938,0.00015068108992342358,0.0601162293123147,0.6126540748923859,0.011007402164211299,1.137886525188402e+18,1.1378999840798225e+18,1.1378865251778163e+18,1.1373633889072182e+18,1.1597046053313592e+18,1.1373179189730068e+18,0.0,5.629797791929569e-16,7.987515849486034e-14,0.0,3.0517578125e-05,0.007863998413085938,1.1378869165632541e+18,3721,9e-14
0,56,0,0.0,0.0,0.0,5.6300762397766085e-06,3.0517578125e-05,4.417421625318695e-06,0.0010360979664312076,0.010095596313476562,0.00019731113397674429,0.07790364443183444,0.7864030323498513,0.014400261588494761,1.1378869163757541e+18,1.1380054684734743e+18,1.137886916365698e+18,1.1372256277377452e+18,1.1659355377267323e+18,1.137150086037892e+18,0.0,5.630076239776608e-16,1.0360979664312076e-13,0.0,3.0517578125e-05,0.010095596313476562,1.1378869165632541e+18,3721,9e-14
0,57,0,0.0,0.0,0.0,5.6284053460642575e-06,3.0517578125e-05,4.416325762846524e-06,0.001344577028047044,0.012973785400390625,0.0002584301237058653,0.1008901530182408,1.0084901344983463,0.018826788704914627,1.137886525148919e+18,1.1378999840798225e+18,1.1378865251383337e+18,1.1370579496596788e+18,1.173955925296522e+18,1.1369323000675148e+18,0.0,5.6284053460642575e-16,1.3445770280470437e-13,0.0,3.0517578125e-05,0.012973785400390625,1.1378869165632541e+18,3721,9e-14
0,58,0,0.0,0.0,0.0,5.6281268155508585e-06,3.0517578125e-05,4.415777831610439e-06,0.001745648024730835,0.016674041748046875,0.0003385760256080441,0.13083444299730249,1.295115368895122,0.024643589230536295,1.1378869149544065e+18,1.1380054684712781e+18,1.1378869149443434e+18,1.1368587951143995e+18,1.184283638017488e+18,1.1366495643083985e+18,0.0,5.628126815550858e-16,1.7456480247308347e-13,0.0,3.0517578125e-05,0.016674041748046875,1.1378869165632541e+18,3721,9e-14
0,59,0,0.0,0.0,0.0,5.629797791929569e-06,3.0517578125e-05,4.416873694082609e-06,0.002267209997571872,0.021440505981445312,0.0004436938935948048,0.16962853840793063,1.6624787230974292,0.03224897473428099,1.1378865251884022e+18,1.1378999840798225e+18,1.1378865251778163e+18,1.1366311433704486e+18,1.1975844301803156e+18,1.1362823495327928e+18,0.0,5.629797791929569e-16,2.2672099975718716e-13,0.0,3.0517578125e-05,0.021440505981445312,1.1378869165632541e+18,3721,9e-14
0,60,0,0.0,0.0,0.0,5.6300762397766085e-06,3.0517578125e-05,4.417421625318695e-06,0.0029457170756297816,0.027576446533203125,0.0005815303794819197,0.22013589490278937,2.1361729047209654,0.04223448010953957,1.1378869163757544e+18,1.1380054684675494e+18,1.1378869163656983e+18,1.1363873247186459e+18,1.2147200440233928e+18,1.135805243160941e+18,0.0,5.630076239776608e-16,2.94571707562978e-13,0.0,3.0517578125e-05,0.027576446533203125,1.1378869165632541e+18,3721,9e-14
0,61,0,0.0,0.0,0.0,5.6284053460642575e-06,3.0517578125e-05,4.416325762846524e-06,0.0038286126752220986,0.03547859191894531,0.0007623690567082354,0.2856847779663217,2.7444088011886607,0.0553078262094045,1.1378865251489192e+18,1.1378999840798225e+18,1.137886525138334e+18,1.1361575685896872e+18,1.236802910436243e+18,1.1352101193560852e+18,0.0,5.6284053460642575e-16,3.8286126752220964e-13,0.0,3.0517578125e-05,0.03547859191894531,1.1378869165632541e+18,3721,9e-14
0,62,0,0.0,0.0,0.0,5.6281268155508585e-06,3.0517578125e-05,4.415777831610439e-06,0.004978016602941046,0.045780181884765625,0.0009996649247070593,0.37101819209220394,3.528455471712017,0.07246788510885302,1.1378869149544068e+18,1.1380054684612206e+18,1.1378869149443437e+18,1.1360050519785714e+18,1.265266517703767e+18,1.1348739273528357e+18,0.0,5.628126815550858e-16,4.978016602941043e-13,0.0,3.0517578125e-05,0.045780181884765625,1.1378869165632541e+18,3721,9e-14
0,63,0,0.0,0.0,0.0,5.629797791929569e-06,3.0517578125e-05,4.416873694082609e-06,0.0064747127287471005,0.0593719482421875,0.0013110734237675283,0.4819125979420571,4.536683788229654,0.09495618624003185,1.1378865251884026e+18,1.1378999840798225e+18,1.1378865251778166e+18,1.1360521523873169e+18,1.3019690404771177e+18,1.1350130463796069e+18,0.0,5.629797791929569e-16,6.474712728747097e-13,0.0,3.0517578125e-05,0.0593719482421875,1.1378869165632541e+18,3721,9e-14
0,64,0,0.0,0.0,0.0,5.6300762397766085e-06,3.0517578125e-05,4.417421625318695e-06,0.0084242307608156,0.07700538635253906,0.0017198065648439183,0.626306166345612,5.836413699035038,0.12447282597022803,1.1378869163757549e+18,1.13800546845048e+18,1.1378869163656986e+18,1.1365256814409225e+18,1.4057691082384957e+18,1.1356685908093938e+18,0.0,5.630076239776608e-16,8.424230760815593e-13,0.0,3.0517578125e-05,0.07700538635253906,1.1378869165632541e+18,3721,9e-14
0,65,0,1.8724445165742405e-16,3.552713678800501e-15,9.86864910777917e-18,5.6284053460642575e-06,3.0517578125e-05,4.416325762846524e-06,0.010964274950234179,0.09989166259765625,0.002256421377110228,0.8141435634087476,7.509594232094544,0.1631817983543484,1.1378865249120242e+18,1.1378999840798225e+18,1.137886524901439e+18,1.1378338644846967e+18,2.1482143349029135e+18,1.136920933216156e+18,1.3295624584794102e-17,5.6284053460642575e-16,1.0964274950234167e-12,3.552713678800501e-15,3.0517578125e-05,0.09989166259765625,1.1378869165632541e+18,3721,9e-14
0,66,0,0.0,0.0,0.0,5.6281268155508585e-06,3.0517578125e-05,4.415777831610439e-06,0.014274769583367453,0.1295948028564453,0.002961003413935976,1.0588092279420853,9.713872539051172,0.21399552757418386,1.1378869148557014e+18,1.1380054684322533e+18,1.1378869148456381e+18,1.1406964965551656e+18,3.108297442927675e+18,1.1387176485589486e+18,0.0,5.628126815550858e-16,1.4274769583367434e-12,0.0,3.0517578125e-05,0.1295948028564453,1.1378869165632541e+18,3721,9e-14
0,67,0,1.7763568394002506e-16,7.105427357601002e-15,6.908054375445418e-18,5.629797791929569e-06,3.0517578125e-05,4.416873694082609e-06,0.018590482881737428,0.16814804077148438,0.0038862773585134594,1.377356013752507,12.598517596164738,0.280670473620898,1.1378865250699564e+18,1.1378999840798225e+18,1.13788652505937e+18,1.1463604009560969e+18,4.350075429991928e+18,1.1412510651500188e+18,1.2613336980743963e-17,5.629797791929569e-16,1.8590482881737395e-12,7.105427357601002e-15,3.0517578125e-05,0.16814804077148438,1.1406964965551656e+18,3721,9e-14
0,68,0,0.0,0.0,0.0,5.6300762397766085e-06,3.0517578125e-05,4.417421625318695e-06,0.024218283768960354,0.2181987762451172,0.005101627743268143,1.7924549257503868,16.34300562922104,0.36821395238422255,1.1378869164152379e+18,1.1380054684013217e+18,1.1378869164051825e+18,1.156948040290356e+18,5.956555926435604e+18,1.1447527316722991e+18,0.0,5.630076239776608e-16,2.42182837689603e-12,0.0,3.0517578125e-05,0.2181987762451172,1.1463604009560969e+18,3721,9e-14
0,69,0,2.51214793389404e-16,7.105427357601002e-15,1.578983857244667e-17,5.6284053460642575e-06,3.0517578125e-05,4.416325762846524e-06,0.031558716414993374,0.2831859588623047,0.006698124575156037,2.3332859648935154,21.20152917025476,0.4831359032374099,1.1378865250699566e+18,1.1378999840798225e+18,1.1378865250593709e+18,1.1759969384750392e+18,8.035282714328528e+18,1.1493418105669219e+18,1.783795222495022e-17,5.6284053460642575e-16,3.1558716414993283e-12,7.105427357601002e-15,3.0517578125e-05,0.2831859588623047,1.156948040290356e+18,3721,9e-14
0,70,0,8.373826446313467e-17,3.552713678800501e-15,1.973729821555834e-18,5.6281268155508585e-06,3.0517578125e-05,4.415777831610439e-06,0.04113568544118635,0.36757469177246094,0.00879574835694271,3.038369975620084,27.509084325601297,0.6340652161604133,1.1378869145793253e+18,1.1380054683488262e+18,1.1378869145692618e+18,1.2092363846784804e+18,1.0725648579306895e+19,1.1557586140868285e+18,5.945984074983406e-18,5.628126815550858e-16,4.113568544118621e-12,3.552713678800501e-15,3.0517578125e-05,0.36757469177246094,1.1759969384750392e+18,3721,9e-14
0,71,0,9.205070568604959e-16,7.105427357601002e-15,2.1945601200476814e-16,5.629797791929569e-06,3.0517578125e-05,4.416873694082609e-06,0.053633610302531415,0.4771728515625,0.011552129042487622,3.957602779939542,35.696132582817256,0.8322744959029165,1.1378865238163863e+18,1.1378999840798225e+18,1.1378865238057996e+18,1.2655725779657324e+18,1.4208369802269872e+19,1.1645002971072916e+18,6.536223715756557e-17,5.629797791929569e-16,5.363361030253117e-12,7.105427357601002e-15,3.0517578125e-05,0.4771728515625,1.2092363846784804e+18,3721,9e-14
0,72,0,3.9227887874663234e-16,7.105427357601002e-15,3.96037369565505e-17,5.6300762397766085e-06,3.0517578125e-05,4.417421625318695e-06,0.0699473561212625,0.6195316314697266,0.01517467942603598,5.15658312216143,46.32689169036126,1.0926566144713246,1.1378869159315786e+18,1.1380054682597239e+18,1.1378869159215238e+18,1.3580822152868634e+18,1.871771877599462e+19,1.1763451585258993e+18,2.785445794624375e-17,5.630076239776608e-16,6.9947356121262085e-12,7.105427357601002e-15,3.0517578125e-05,0.6195316314697266,1.2655725779657324e+18,3721,9e-14
0,73,0,1.4503892858778863e-16,3.552713678800501e-15,5.921189464667502e-18,5.6284053460642575e-06,3.0517578125e-05,4.416325762846524e-06,0.09124685029520442,0.8044662475585938,0.019936262140052136,6.720608069375356,60.12980472510053,1.434725209694357,1.1378865240138034e+18,1.1378999840798225e+18,1.1378865240032152e+18,1.5046261897092792e+18,2.4557531245169406e+19,1.1923039799289482e+18,1.0298746518866693e-17,5.6284053460642575e-16,9.124685029520373e-12,3.552713678800501e-15,3.0517578125e-05,0.8044662475585938,1.3580822152868634e+18,3721,9e-14
0,74,0,9.052645922701322e-16,7.105427357601002e-15,2.1378153876779511e-16,5.6281268155508585e-06,3.0517578125e-05,4.415777831610439e-06,0.1190623143853358,1.0447521209716797,0.026195897072493705,8.761573226189856,78.05671095595444,1.884214860536789,1.1378869156848425e+18,1.1380054681084637e+18,1.13788691567478e+18,1.7277960694734126e+18,3.212191120985653e+19,1.2141843155587156e+18,6.427991890916552e-17,5.628126815550858e-16,1.1906231438533466e-11,7.105427357601002e-15,3.0517578125e-05,1.0447521209716797,1.5046261897092792e+18,3721,9e-14
0,75,0,7.391947338764354e-16,7.105427357601002e-15,1.5638532135930917e-16,5.629797791929569e-06,3.0517578125e-05,4.416873694082609e-06,0.15539518237350883,1.3569869995117188,0.03442599902855737,11.425329696018833,101.34005307268254,2.4749055488879175,1.1378865253660851e+18,1.1378999840798225e+18,1.1378865253554989e+18,2.0545460990404324e+18,4.192210189016381e+19,1.2440875844694717e+18,5.248783389672308e-17,5.629797791929569e-16,1.5539518237350693e-11,7.105427357601002e-15,3.0517578125e-05,1.3569869995117188,1.7277960694734126e+18,3721,9e-14
0,76,0,5.88083710025075e-16,7.105427357601002e-15,8.749945212827015e-17,5.6300762397766085e-06,3.0517578125e-05,4.417421625318695e-06,0.20286391696521353,1.7627811431884766,0.0452482496928429,14.90298848726247,131.5872625679351,3.251305212670792,1.1378869168199451e+18,1.138005467851635e+18,1.1378869168098912e+18,2.516523670144031e+18,5.462153870669438e+19,1.2850401924398753e+18,4.1757927477774217e-17,5.630076239776608e-16,2.0286391696521036e-11,7.105427357601002e-15,3.0517578125e-05,1.7627811431884766,2.0545460990404324e+18,3721,9e-14
0,77,0,5.625129991434126e-16,7.105427357601002e-15,8.240322004995606e-17,5.6284053460642575e-06,3.0517578125e-05,4.416325762846524e-06,0.26489481792223796,2.290233612060547,0.059480902176758096,19.4440483657905,170.88371965817294,4.271900470670381,1.137886526007684e+18,1.1378999840798225e+18,1.1378865259970981e+18,3.151888557051708e+18,7.108113101766964e+19,1.3407558872698232e+18,3.994223377235588e-17,5.6284053460642575e-16,2.648948179222327e-11,7.105427357601002e-15,3.0517578125e-05,2.290233612060547,2.516523670144031e+18,3721,9e-14
0,78,0,5.333180870156387e-16,7.105427357601002e-15,7.549516567451065e-17,5.6281268155508585e-06,3.0517578125e-05,4.415777831610439e-06,0.34597198305827886,2.975912094116211,0.07820100792520726,25.375260721229008,221.94644043835152,5.613719981698671,1.1378869164745105e+18,1.138005467415463e+18,1.1378869164644463e+18,4.008574728088266e+18,9.24184378347369e+19,1.415724019708664e+18,3.7869197225739764e-17,5.628126815550858e-16,3.4597198305827e-11,7.105427357601002e-15,3.0517578125e-05,2.975912094116211,3.151888557051708e+18,3721,9e-14
0,79,0,5.663951224983122e-16,7.105427357601002e-15,8.68441121484567e-17,5.629797791929569e-06,3.0517578125e-05,4.416873694082609e-06,0.45196514957102957,3.867410659790039,0.10282653571887455,33.12366491247116,288.30489492485805,7.378061590701143,1.1378865250206304e+18,1.1378999840798225e+18,1.1378865250100443e+18,5.148561520820193e+18,1.200843098307402e+20,1.5156576120259128e+18,4.0217890830611684e-17,5.629797791929569e-16,4.519651495710147e-11,7.105427357601002e-15,3.0517578125e-05,3.867410659790039,4.008574728088266e+18,3721,9e-14
0,80,0,1.4726117221722791e-15,1.0658141036401503e-14,5.793003037145459e-16,5.6300762397766085e-06,3.0517578125e-05,4.417421625318695e-06,0.5905584452993412,5.026655197143555,0.13522420454148554,43.248428556057924,374.5552977692894,9.69831388708553,1.1378869126841656e+18,1.1380054666745295e+18,1.1378869126741114e+18,6.652998678743708e+18,1.5596265627604677e+20,1.6486134163978363e+18,1.04565408714974e-16,5.630076239776608e-16,5.905584452993164e-11,1.0658141036401503e-14,3.0517578125e-05,5.026655197143555,5.148561520820193e+18,3721,9e-14
0,81,0,1.4756044720158034e-15,1.0658141036401503e-14,5.869292320677862e-16,5.6284053460642575e-06,3.0517578125e-05,4.416325762846524e-06,0.7718139278103141,6.534273147583008,0.17785200323396905,56.48089975213393,486.6731207456919,12.749979965532406,1.1378865249713015e+18,1.1378999840798225e+18,1.1378865249607095e+18,8.628446753514702e+18,2.0250015607454476e+20,1.8245086909353482e+18,1.0477791422872081e-16,5.6284053460642575e-16,7.718139278102724e-11,1.0658141036401503e-14,3.0517578125e-05,6.534273147583008,6.652998678743708e+18,3721,9e-14
0,82,0,8.952292829266338e-16,7.105427357601002e-15,2.0679831304172403e-16,5.6281268155508585e-06,3.0517578125e-05,4.415777831610439e-06,1.0089089169705356,8.49521255493164,0.23394682899832348,73.77875729609354,632.438776059971,16.76416473746097,1.1378869149445965e+18,1.1380054654155581e+18,1.1378869149345338e+18,1.1214735245837371e+19,2.6287486457322973e+20,2.0565618020600614e+18,6.356734395998868e-17,5.628126815550858e-16,1.0089089169704661e-10,7.105427357601002e-15,3.0517578125e-05,8.49521255493164,8.628446753514702e+18,3721,9e-14
0,83,0,9.851549382619469e-16,1.0658141036401503e-14,2.6386878793083215e-16,5.629797791929569e-06,3.0517578125e-05,4.416873694082609e-06,1.3191033321382932,11.046134948730469,0.3077714284991643,96.39529732584701,821.9733941201928,22.045053904310972,1.1378865254846072e+18,1.1378999840798225e+18,1.1378865254740142e+18,1.459509147791864e+19,3.412156381499601e+20,2.36301667234301e+18,6.995267470435365e-17,5.629797791929569e-16,1.3191033321381768e-10,1.0658141036401503e-14,3.0517578125e-05,11.046134948730469,1.1214735245837371e+19,3721,9e-14
0,84,0,9.195499474491358e-16,7.105427357601002e-15,2.3364412256772956e-16,5.6300762397766085e-06,3.0517578125e-05,4.417421625318695e-06,1.725007808559411,14.364984512329102,0.40494032160915955,125.97192126457865,1068.4555502588144,28.993230941540077,1.1378869149051238e+18,1.1380054632757448e+18,1.1378869148950712e+18,1.9009331789872288e+19,4.4288738766188e+20,2.7661574246123756e+18,6.529427590527009e-17,5.630076239776608e-16,1.7250078085592153e-10,7.105427357601002e-15,3.0517578125e-05,14.364984512329102,1.459509147791864e+19,3721,9e-14
0,85,0,8.824857105081274e-16,7.105427357601002e-15,1.9688147717072328e-16,5.6284053460642575e-06,3.0517578125e-05,4.416325762846524e-06,2.2562477121138396,18.68351173400879,0.5328491855304633,164.65770919523789,1389.036122211826,38.13611730297335,1.1378865253563372e+18,1.1378999840798225e+18,1.1378865253457463e+18,2.4771103428800692e+19,5.7486237637529797e+20,3.2964164878275364e+18,6.266246398493026e-17,5.6284053460642575e-16,2.2562477121135112e-10,7.105427357601002e-15,3.0517578125e-05,18.68351173400879,1.9009331789872288e+19,3721,9e-14
0,86,0,1.4844497253017323e-15,1.0658141036401503e-14,5.929930543515896e-16,5.6281268155508585e-06,3.0517578125e-05,4.415777831610439e-06,2.9516447044393965,24.303573608398438,0.7012405006476635,215.2678605294231,1806.0495910065672,50.1683621408975,1.1378869115689325e+18,1.1380054596377212e+18,1.1378869115588753e+18,3.2290443107203334e+19,7.462031793486814e+20,3.993367995586158e+18,1.0540598713558745e-16,5.628126815550858e-16,2.951644704438845e-10,1.0658141036401503e-14,3.0517578125e-05,24.303573608398438,2.4771103428800692e+19,3721,9e-14
0,87,0,1.5121868052713932e-15,1.4210854715202004e-14,6.063889745271883e-16,5.629797791929569e-06,3.0517578125e-05,4.416873694082609e-06,3.8620785217222853,31.61839485168457,0.9229496794505833,281.4897634858891,2348.5733961276665,66.00478909780895,1.1378865255241957e+18,1.1378999840798225e+18,1.1378865255136308e+18,4.210329821807939e+19,9.686913841814265e+20,4.909487033046851e+18,1.0737550772266328e-16,5.629797791929569e-16,3.862078521721358e-10,1.4210854715202004e-14,3.0517578125e-05,31.61839485168457,3.2290443107203334e+19,3721,9e-14
0,88,0,8.210160181266414e-16,1.0658141036401503e-14,1.8126318347534543e-16,5.6300762397766085e-06,3.0517578125e-05,4.417421625318695e-06,5.054242659878638,41.14028358459473,1.2148885252968191,368.1549284980009,3054.4796066684844,86.85046504265107,1.1378869119441162e+18,1.1380054534505842e+18,1.1378869119340483e+18,5.4910159616371335e+19,1.2576457442131648e+21,6.111908079586234e+18,5.829769938970327e-17,5.630076239776608e-16,5.054242659877079e-10,1.0658141036401503e-14,3.0517578125e-05,41.14028358459473,4.210329821807939e+19,3721,9e-14
0,89,0,1.356749701512416e-15,7.105427357601002e-15,5.331643691356784e-16,5.6284053460642575e-06,3.0517578125e-05,4.416325762846524e-06,6.61557085923148,53.53677558898926,1.599341507856615,481.5939649062563,3973.090017473628,114.29276331315307,1.1378865186642236e+18,1.1378999840798225e+18,1.1378865186536664e+18,7.162661928642792e+19,1.6389195604086154e+21,7.690951308259903e+18,9.633842032256189e-17,5.6284053460642575e-16,6.615570859228855e-10,7.105427357601002e-15,3.0517578125e-05,53.53677558898926,5.4910159616371335e+19,3721,9e-14
0,90,0,1.519270706918702e-15,7.105427357601002e-15,6.542519226999173e-16,5.6281268155508585e-06,3.0517578125e-05,4.415777831610439e-06,8.660703000958677,69.67778205871582,2.1056753989781023,630.1039031934188,5168.656986465418,150.42300875154064,1.1378869149844891e+18,1.1380054429248426e+18,1.1378869149744067e+18,9.344953407113755e+19,2.1377253163641717e+21,9.763580082170364e+18,1.0787851273063296e-16,5.628126815550858e-16,8.660703000954258e-10,7.105427357601002e-15,3.0517578125e-05,69.67778205871582,7.162661928642792e+19,3721,9e-14
0,91,0,9.186655031509446e-16,1.0658141036401503e-14,1.8015296045072028e-16,5.629797791929569e-06,3.0517578125e-05,4.416873694082609e-06,11.339970987951244,90.69706344604492,2.7725930459127452,824.5596121117561,6724.882314809432,197.99654730241306,1.1378865244980056e+18,1.1378999840798225e+18,1.137886524487451e+18,1.2194362243203347e+20,2.7884694761194143e+21,1.2484661809719376e+19,6.52314743682909e-17,5.629797791929569e-16,1.1339970987943798e-09,1.0658141036401503e-14,3.0517578125e-05,90.69706344604492,9.344953407113755e+19,3721,9e-14
0,92,0,1.5288634441307784e-15,1.0658141036401503e-14,6.163077378687179e-16,5.6300762397766085e-06,3.0517578125e-05,4.417421625318695e-06,14.850537331486983,118.07246017456055,3.651105985940102,1079.2177031148938,8750.829522373448,260.64406830427293,1.1378869132278121e+18,1.1380054250122813e+18,1.1378869132177069e+18,1.5915481611506172e+20,3.637506629941136e+21,1.6055503504208763e+19,1.0855966206020401e-16,5.630076239776608e-16,1.4850537331474431e-09,1.0658141036401503e-14,3.0517578125e-05,118.07246017456055,1.2194362243203347e+20,3721,9e-14
0,93,0,1.1458432198380158e-15,1.0658141036401503e-14,2.888545883964847e-16,5.6284053460642575e-06,3.0517578125e-05,4.416325762846524e-06,19.451017002076526,153.73052597045898,4.808454262049367,1412.7697755965373,11388.61471818395,343.149938062798,1.1378865202342656e+18,1.1378999840798225e+18,1.1378865202237107e+18,2.0775864662676862e+20,4.745356464082989e+21,2.0742587291063476e+19,8.136263130440221e-17,5.6284053460642575e-16,1.9451017002055357e-09,1.0658141036401503e-14,3.0517578125e-05,153.73052597045898,1.5915481611506172e+20,3721,9e-14
0,94,0,1.9371374751460523e-15,1.4210854715202004e-14,7.8194395403130555e-16,5.6281268155508585e-06,3.0517578125e-05,4.415777831610439e-06,25.480674881201868,200.18307304382324,6.333276310312238,1849.726371652929,14823.457138161137,451.81948703263305,1.137886918361009e+18,1.138005394518786e+18,1.1378869183509564e+18,2.712545244525448e+20,6.191039203853336e+21,2.6894683194333413e+19,1.3754988417920712e-16,5.628126815550858e-16,2.548067488116614e-09,1.4210854715202004e-14,3.0517578125e-05,200.18307304382324,2.0775864662676862e+20,3721,9e-14
0,95,0,2.084931723799101e-15,1.7763568394002505e-14,7.855724173018904e-16,5.629797791929569e-06,3.0517578125e-05,4.416873694082609e-06,33.38463193296556,260.705358505249,8.342427872063544,2422.231817322177,19296.770338700313,594.9630542425588,1.1378865272529687e+18,1.1378999840798225e+18,1.1378865272423775e+18,3.542201333206971e+20,8.077740329407451e+21,3.4970079518705783e+19,1.4804427708905835e-16,5.629797791929569e-16,3.3384631932905237e-09,1.7763568394002505e-14,3.0517578125e-05,260.705358505249,2.712545244525448e+20,3721,9e-14
0,96,0,2.0724686723221976e-15,1.7763568394002505e-14,5.970715819906639e-16,5.6300762397766085e-06,3.0517578125e-05,4.417421625318695e-06,43.74696669287459,339.56861877441406,10.989976633077926,3172.4482540067665,25123.26008899403,783.5346106528852,1.137886917256286e+18,1.1380053425906034e+18,1.1378869172462419e+18,4.626445879096887e+20,1.054021233519369e+22,4.557117113491021e+19,1.4715931600128715e-16,5.630076239776608e-16,4.374696669277266e-09,1.7763568394002505e-14,3.0517578125e-05,339.56861877441406,3.542201333206971e+20,3721,9e-14
0,97,0,2.6120141677312357e-15,2.1316282072803006e-14,7.436460783580599e-16,5.6284053460642575e-06,3.0517578125e-05,4.416325762846524e-06,57.334186850967164,442.3435802459717,14.479067398329912,4155.683854191114,32713.213295730784,1031.9737265012398,1.1378865228023493e+18,1.1378999840798225e+18,1.1378865227917693e+18,6.043647947201396e+20,1.3754447390479105e+22,5.9487776632352145e+19,1.854707014115202e-16,5.6284053460642575e-16,5.733418685079484e-09,2.1316282072803006e-14,3.0517578125e-05,442.3435802459717,4.626445879096887e+20,3721,9e-14
0,98,0,3.309769580609374e-15,3.197442310920451e-14,1.0346064283073275e-15,5.6281268155508585e-06,3.0517578125e-05,4.415777831610439e-06,75.1523287477807,576.2966709136963,19.07757523593393,5444.5018458309505,42601.602082559184,1359.3163692856726,1.1378869145630011e+18,1.138005254130651e+18,1.137886914552937e+18,7.896370627487991e+20,1.7950318347843206e+22,7.775993967531927e+19,2.3501606278013786e-16,5.628126815550858e-16,7.515232874748917e-09,3.197442310920451e-14,3.0517578125e-05,576.2966709136963,6.043647947201396e+20,3721,9e-14
0,99,0,4.077363611605901e-15,3.907985046680551e-14,1.1120425568044033e-15,5.629797791929569e-06,3.0517578125e-05,4.416873694082609e-06,98.52196228414805,750.9072704315186,25.13875658955255,7134.114600527136,55486.04635002088,1790.6597963043484,1.1378865223599583e+18,1.1378999840798225e+18,1.1378865223493526e+18,1.031885979919756e+21,2.342810084437425e+22,1.0175232736543859e+20,2.8952043916791207e-16,5.629797791929569e-16,9.85219622836545e-09,3.907985046680551e-14,3.0517578125e-05,750.9072704315186,7.896370627487991e+20,3721,9e-14
0,100,0,5.13291624586103e-15,4.618527782440651e-14,1.5077512926447373e-15,5.6300762397766085e-06,3.0517578125e-05,4.417421625318695e-06,129.17672731518937,981.1606979370117,33.12849755247446,9349.469275869136,72276.38092657037,2359.095234301398,1.137886911001943e+18,1.1380051033871268e+18,1.1378869109918918e+18,1.348685648991623e+21,3.0580069399438622e+22,1.3325967736332529e+20,3.6447182720809395e-16,5.630076239776608e-16,1.2917672731435322e-08,4.618527782440651e-14,3.0517578125e-05,981.1606979370117,1.031885979919756e+21,3721,9e-14
0,101,0,7.045079157302408e-15,6.039613253960852e-14,2.0349144822888004e-15,5.6284053460642575e-06,3.0517578125e-05,4.416325762846524e-06,169.39279746733965,1283.4937419891357,43.6612662041677,12254.552643927611,94159.33806071246,3108.2572013144522,1.13788652586706e+18,1.1378999840798225e+18,1.1378865258563841e+18,1.7630455479923588e+21,3.99187286591293e+22,1.7463848944601406e+20,5.002483481701422e-16,5.6284053460642575e-16,1.6939279746592194e-08,6.039613253960852e-14,3.0517578125e-05,1283.4937419891357,1.348685648991623e+21,3721,9e-14
0,102,0,8.728529018547277e-15,7.105427357601002e-14,2.508747453605014e-15,5.6281268155508585e-06,3.0517578125e-05,4.415777831610439e-06,222.15899386733315,1679.0768871307373,57.54755568401596,16064.615219897705,122683.00797067583,4095.6871261694387,1.1378869195931837e+18,1.1380048464190268e+18,1.1378869195831996e+18,2.3050957815763884e+21,5.211372102963074e+22,2.289895002844747e+20,6.197846931155496e-16,5.628126815550858e-16,2.2215899386492696e-08,7.105427357601002e-14,3.0517578125e-05,1679.0768871307373,1.7630455479923588e+21,3721,9e-14
0,103,0,1.1790794121862887e-14,8.881784197001252e-14,4.5937780971147844e-15,5.629797791929569e-06,3.0517578125e-05,4.416873694082609e-06,291.4003355937604,2196.701665878296,75.85649227185073,21062.228439924536,160043.28280258554,5397.270982299703,1.137886525640127e+18,1.1378999840798222e+18,1.1378865256293795e+18,3.014296053430887e+21,6.804008142643848e+22,3.0038566057512036e+20,8.372262612496502e-16,5.629797791929569e-16,2.9140033558967205e-08,8.881784197001252e-14,3.0517578125e-05,2196.701665878296,2.3050957815763884e+21,3721,9e-14
0,104,0,1.5202100506562188e-14,1.1723955140041653e-13,5.338571984172782e-15,5.6300762397766085e-06,3.0517578125e-05,4.417421625318695e-06,382.27183916850794,2874.059106826782,99.99846097841512,27618.382713638155,209357.8356636639,7113.094900662502,1.137886914002866e+18,1.1380044082234397e+18,1.137886913992956e+18,3.942331451423852e+21,8.884133302427251e+22,3.941830089039135e+20,1.079452124997292e-15,5.630076239776608e-16,3.8227183916155214e-08,1.1723955140041653e-13,3.0517578125e-05,2874.059106826782,3.014296053430887e+21,3721,9e-14
0,105,0,1.987170245492763e-14,1.5276668818842154e-13,6.743777989740944e-15,5.6284053460642575e-06,3.0517578125e-05,4.416325762846524e-06,501.5446803108712,3760.4939346313477,131.83415641225778,36220.20781527538,273882.2822933651,9375.171685113402,1.1378865235560142e+18,1.1378999840798214e+18,1.137886523545172e+18,5.15690903906267e+21,1.160119950650993e+23,5.1742474257087195e+20,1.4110254982873003e-15,5.6284053460642575e-16,5.0154468029901776e-08,1.5276668818842154e-13,3.0517578125e-05,3760.4939346313477,3.942331451423852e+21,3721,9e-14
0,106,0,2.5795091706803185e-14,1.9895196601282805e-13,7.768960050897395e-15,5.6281268155508585e-06,3.0517578125e-05,4.415777831610439e-06,658.1137987787965,4920.61238861084,173.8185174509699,47507.40158252259,358312.62615755,12357.637277807546,1.137886912345517e+18,1.1380036607357544e+18,1.1378869123357463e+18,6.746736044663322e+21,1.5150548390094148e+23,6.793690430894649e+20,1.831626264106677e-15,5.628126815550858e-16,6.58113798758557e-08,1.9895196601282805e-13,3.0517578125e-05,4920.61238861084,5.15690903906267e+21,3721,9e-14
0,107,0,3.391159101411433e-14,2.6290081223123707e-13,9.721297840788642e-15,5.629797791929569e-06,3.0517578125e-05,4.416873694082609e-06,863.6652025232787,6439.008689880371,229.19071634320548,62320.10346605538,468796.3767454007,16290.206905798364,1.137886526279981e+18,1.1378999840798204e+18,1.1378865262689265e+18,8.828048136098938e+21,1.9787523405703667e+23,8.921947481362492e+20,2.4079527014324995e-15,5.629797791929569e-16,8.636652024886339e-08,2.6290081223123707e-13,3.0517578125e-05,6439.008689880371,6.746736044663322e+21,3721,9e-14
0,108,0,4.4360559025393136e-14,3.339550858072471e-13,1.2496515203803188e-14,5.6300762397766085e-06,3.0517578125e-05,4.417421625318695e-06,1133.553288904929,8426.457754135132,302.2249518818843,81761.81825021298,613381.7794789255,21475.934712467573,1.1378869212081105e+18,1.1380023852208575e+18,1.1378869211985335e+18,1.1553171392465012e+22,2.5845928151437308e+23,1.1719174137809961e+21,3.1499002184177234e-15,5.630076239776608e-16,1.1335532888454414e-07,3.339550858072471e-13,3.0517578125e-05,8426.457754135132,8.828048136098938e+21,3721,9e-14
0,109,0,5.813265137282337e-14,4.405364961712621e-13,1.6074023863486985e-14,5.6284053460642575e-06,3.0517578125e-05,4.416325762846524e-06,1487.9543888014032,11028.03014755249,398.5615253125207,107282.12530855802,802606.2693628025,28314.65390578505,1.137886527252579e+18,1.1379013653285161e+18,1.1378865272411442e+18,1.5121752758981426e+22,3.376217141805658e+23,1.5396034068919516e+21,4.127812076300473e-15,5.6284053460642575e-16,1.487954388698857e-07,4.405364961712621e-13,3.0517578125e-05,11028.03014755249,1.1553171392465012e+22,3721,9e-14
0,110,0,7.639585646050438e-14,5.790923296444817e-13,2.0788964685516633e-14,5.6281268155508585e-06,3.0517578125e-05,4.415777831610439e-06,1953.3836266392511,14433.727714538574,525.6439220211486,140785.40835272687,1050267.4328431347,37333.916823040665,1.1378869243694564e+18,1.1380002079648714e+18,1.1378869243601779e+18,1.97954922536507e+22,4.4106853416804666e+23,2.0229634416586394e+21,5.424623364493752e-15,5.628126815550858e-16,1.9533836264616024e-07,5.790923296444817e-13,3.0517578125e-05,14433.727714538574,1.5121752758981426e+22,3721,9e-14
0,111,0,1.001927367559968e-13,7.567280135845067e-13,2.8324184240319855e-14,5.629797791929569e-06,3.0517578125e-05,4.416873694082609e-06,2564.689702664871,18892.42551803589,693.2958729296572,184773.8009672633,1374433.1757370243,49229.836258421165,1.1378865309737005e+18,1.1379039267146977e+18,1.1378865309614772e+18,2.59174708789373e+22,5.762608975259963e+23,2.6584546396869157e+21,7.114363081198498e-15,5.629797791929569e-16,2.564689702355197e-07,7.567280135845067e-13,3.0517578125e-05,18892.42551803589,1.97954922536507e+22,3721,9e-14
0,112,0,1.3144842812874272e-13,9.947598300641403e-13,3.5639333883754864e-14,5.6300762397766085e-06,3.0517578125e-05,4.417421625318695e-06,3367.6783959932295,24730.152322769165,914.4832657795122,242535.13560163128,1798765.573648486,64921.00029413692,1.1378869195812499e+18,1.1379964902925823e+18,1.1378869195722052e+18,3.39375105365624e+22,7.529557937031242e+23,3.4940427018597433e+21,9.333728915282164e-15,5.630076239776608e-16,3.367678395449208e-07,9.947598300641403e-13,3.0517578125e-05,24730.152322769165,2.59174708789373e+22,3721,9e-14
0,113,0,1.726492231804408e-13,1.3038459201197838e-12,4.79024198779543e-14,5.6284053460642575e-06,3.0517578125e-05,4.416325762846524e-06,4422.563241328202,32374.066650390625,1206.3201725068568,318390.08236946625,2354256.098846581,85619.6488076398,1.137886524076388e+18,1.137908290790398e+18,1.1378865240625051e+18,4.444545193258897e+22,9.839135214642446e+23,4.592839791738259e+21,1.2259264485247348e-14,5.6284053460642575e-16,4.422563240363308e-07,1.3038459201197838e-12,3.0517578125e-05,32374.066650390625,3.39375105365624e+22,3721,9e-14
0,114,0,2.2658240917208484e-13,1.7124079931818414e-12,6.224033345041896e-14,5.6281268155508585e-06,3.0517578125e-05,4.415777831610439e-06,5808.504555578568,42383.914321899414,1591.3972765887752,418017.1497962772,3081500.62824168,112925.64405347657,1.1378869171739352e+18,1.1379924225888122e+18,1.1378869171647732e+18,5.821482715089925e+22,1.285823487419799e+24,6.037900360098603e+21,1.6088886069542468e-14,5.628126815550858e-16,5.808504553847229e-07,1.7124079931818414e-12,3.0517578125e-05,42383.914321899414,4.444545193258897e+22,3721,9e-14
0,115,0,2.977075370384321e-13,2.248867758680717e-12,8.409630727130363e-14,5.629797791929569e-06,3.0517578125e-05,4.416873694082609e-06,7629.580575529551,55493.32089996338,2099.536111458524,548880.1110121136,4033682.951108467,148950.54110011566,1.1378865234436308e+18,1.137915729695708e+18,1.1378865234259661e+18,7.62601796138161e+22,1.6805157933892735e+24,7.938524104627028e+21,2.1139251996467576e-14,5.629797791929569e-16,7.629580572379816e-07,2.248867758680717e-12,3.0517578125e-05,55493.32089996338,5.821482715089925e+22,3721,9e-14
0,116,0,3.9101935821962626e-13,2.9629632081196178e-12,1.0933463817950104e-13,5.6300762397766085e-06,3.0517578125e-05,4.417421625318695e-06,10022.643193126616,72664.02492523193,2770.105716980384,720790.1864242792,5280488.854723273,196481.40887436064,1.1378869196290929e+18,1.1379856893428895e+18,1.137886919618091e+18,9.9912303740457e+22,2.1965469538915875e+24,1.0438567701601124e+22,2.776502345600553e-14,5.630076239776608e-16,1.0022643187304165e-06,2.9629632081196178e-12,3.0517578125e-05,72664.02492523193,7.62601796138161e+22,3721,9e-14
0,117,0,5.137949592221974e-13,3.915090474038152e-12,1.4686384149704197e-13,5.6284053460642575e-06,3.0517578125e-05,4.416325762846524e-06,13167.653959434545,95157.16004562378,3655.082186534808,946645.5265824408,6913243.287887461,259197.14820404493,1.1378865249625444e+18,1.1379289975661056e+18,1.1378865249355145e+18,1.3091701641230911e+23,2.8712754305908606e+24,1.3727385811957565e+22,3.648292288989208e-14,5.6284053460642575e-16,1.3167653948476291e-06,3.915090474038152e-12,3.0517578125e-05,95157.16004562378,9.9912303740457e+22,3721,9e-14
0,118,0,6.754605531671132e-13,5.17630383001233e-12,1.9648267484468413e-13,5.6281268155508585e-06,3.0517578125e-05,4.415777831610439e-06,17301.284590626652,124627.03361701965,4823.089543114377,1243403.9972327184,9051656.641625797,341954.1454971134,1.137886921970501e+18,1.137974287265609e+18,1.1378869219516472e+18,1.71564833075709e+23,3.753578492506772e+24,1.8054238547980409e+22,4.796227528908578e-14,5.628126815550858e-16,1.7301284569595808e-06,5.17630383001233e-12,3.0517578125e-05,124627.03361701965,1.3091701641230911e+23,3721,9e-14
0,119,0,8.882379470725483e-13,6.867395541121368e-12,2.650705658055783e-13,5.629797791929569e-06,3.0517578125e-05,4.416873694082609e-06,22734.814617765453,163244.65117263794,6364.736985538924,1633362.9769027177,11852690.508129645,451163.50532495574,1.13788652857141e+18,1.137952628534347e+18,1.1378865285199165e+18,2.248612356531311e+23,4.907408846009745e+24,2.374727545136517e+22,6.307091175043935e-14,5.629797791929569e-16,2.2734814576569997e-06,6.867395541121368e-12,3.0517578125e-05,163244.65117263794,1.71564833075709e+23,3721,9e-14
0,120,0,1.1694632075645376e-12,9.14468500923249e-12,3.573677744546212e-13,5.6300762397766085e-06,3.0517578125e-05,4.417421625318695e-06,29877.68614723046,213860.675655365,8399.668805541816,2145843.2112043533,15522219.592963416,595289.2492825568,1.1378869221946449e+18,1.1379631904602125e+18,1.1378869221476216e+18,2.9475026199560575e+23,6.41645098593415e+24,3.1238534998329234e+22,8.303981045032318e-14,5.630076239776608e-16,2.9877686064858825e-06,9.14468500923249e-12,3.0517578125e-05,213860.675655365,2.248612356531311e+23,3721,9e-14
0,121,0,1.5420093534638255e-12,1.2242651337146526e-11,4.855967846193218e-13,5.6284053460642575e-06,3.0517578125e-05,4.416325762846524e-06,39268.507258103535,280220.84379577637,11085.87714550311,2819404.4928096873,20330389.833122984,785506.307580469,1.1378865222654125e+18,1.1379927242777987e+18,1.1378865221470098e+18,3.864081477696397e+23,8.390217851801535e+24,4.1096885642224525e+22,1.0949311068188931e-13,5.6284053460642575e-16,3.926850709008694e-06,1.2242651337146526e-11,3.0517578125e-05,280220.84379577637,2.9475026199560575e+23,3721,9e-14
0,122,0,2.038854902987593e-12,1.6498802324349526e-11,6.686415936747581e-13,5.6281268155508585e-06,3.0517578125e-05,4.415777831610439e-06,51615.86500464388,367251.4657382965,14632.004831951332,3704761.4372141915,26631875.278095126,1036569.6090954036,1.1378869203099826e+18,1.1380194113402309e+18,1.1378869201707462e+18,5.066290156292307e+23,1.0972034131346683e+25,5.407142158426453e+22,1.447725106567387e-13,5.628126815550858e-16,5.1615864655520505e-06,1.6498802324349526e-11,3.0517578125e-05,367251.4657382965,3.864081477696397e+23,3721,9e-14
0,123,0,2.707304310724479e-12,2.241051788587356e-11,9.31597466992858e-13,5.629797791929569e-06,3.0517578125e-05,4.416873694082609e-06,67852.06139985257,481439.07741355896,19313.599849096012,4868621.014961105,34892649.22060085,1367962.073605446,1.1378865302758122e+18,1.1380654610044064e+18,1.1378865299676042e+18,6.643315364007931e+23,1.4349491391077541e+25,7.114864427836119e+22,1.9223694712216461e-13,5.629797791929569e-16,6.785206066221487e-06,2.241051788587356e-11,3.0517578125e-05,481439.07741355896,5.066290156292307e+23,3721,9e-14
0,124,0,3.621957596964093e-12,3.072742060794553e-11,1.3182838539929322e-12,5.6300762397766085e-06,3.0517578125e-05,4.417421625318695e-06,89203.88221313733,631337.475271225,25494.593465418762,6398733.980406192,45725455.30117286,1805411.1367815402,1.1378869322144639e+18,1.1381159139907022e+18,1.1378869317891295e+18,8.712246196746246e+23,1.8768142744435319e+25,9.362782200338698e+22,2.571835269083503e-13,5.630076239776608e-16,8.920388063185648e-06,3.072742060794553e-11,3.0517578125e-05,631337.475271225,6.643315364007931e+23,3721,9e-14
0,125,0,4.9017010299988966e-12,4.261835329089081e-11,1.899544633277942e-12,5.6284053460642575e-06,3.0517578125e-05,4.416325762846524e-06,117285.83311508838,828248.6283149719,33655.68603094814,8410545.494458675,59936962.0272975,2382892.332717989,1.1378865456212735e+18,1.1381921510901818e+18,1.1378865447630303e+18,1.1426822475178313e+24,2.454944534233553e+25,1.232203143103099e+23,3.480539804778628e-13,5.6284053460642575e-16,1.1728582968335086e-05,4.261835329089081e-11,3.0517578125e-05,828248.6283149719,8.712246196746246e+23,3721,9e-14
0,126,0,6.756212302776595e-12,5.993783247504325e-11,2.801648405939858e-12,5.6281268155508585e-06,3.0517578125e-05,4.415777831610439e-06,154223.05014480636,1087143.5820236206,44431.872857503935,11055953.73094899,78590718.64217652,3145276.7646524133,1.137886951096744e+18,1.1382820670747537e+18,1.137886949792513e+18,1.498893526434111e+24,3.21142773855962e+25,1.621805210135761e+23,4.797368445246362e-13,5.628126815550858e-16,1.5422304262092964e-05,5.993783247504325e-11,3.0517578125e-05,1087143.5820236206,1.1426822475178313e+24,3721,9e-14
0,127,0,9.551763848129682e-12,8.558487252230407e-11,4.232862260931484e-12,5.629797791929569e-06,3.0517578125e-05,4.416873694082609e-06,202813.48823833058,1427919.1850509644,58662.0761455332,14534849.668561585,103091674.52581377,4151830.1850071307,1.1378865778543186e+18,1.1384101010263891e+18,1.1378865753854612e+18,1.9663752642198097e+24,4.2013780791294945e+25,2.1347858124643784e+23,6.782399431502157e-13,5.629797791929569e-16,2.028134716054245e-05,8.558487252230407e-11,3.0517578125e-05,1427919.1850509644,1.498893526434111e+24,3721,9e-14
0,128,0,1.3964449419010224e-11,1.2433432061698113e-10,6.592147796964191e-12,5.6300762397766085e-06,3.0517578125e-05,4.417421625318695e-06,266742.28882869513,1877132.6740646362,77454.83827445358,19110331.838153373,135300461.49234006,5480839.274215849,1.137886999525937e+18,1.1385683214467996e+18,1.1378869955576484e+18,2.5799628423163104e+24,5.496985306004686e+25,2.8102825965217868e+23,9.915705131180807e-13,5.630076239776608e-16,2.6674225181300068e-05,1.2433432061698113e-10,3.0517578125e-05,1877132.6740646362,1.9663752642198097e+24,3721,9e-14
0,129,0,2.11992487673969e-11,1.84439130634928e-10,1.0631481438839555e-11,5.6284053460642575e-06,3.0517578125e-05,4.416325762846524e-06,350865.88765121,2470430.072582245,102275.38434826468,25128789.346501388,177689343.7597451,7235731.782261633,1.1378866776833029e+18,1.1387861097692558e+18,1.1378866704483907e+18,3.385433806974953e+24,7.192839864758302e+25,3.699879093176204e+23,1.5052902801442575e-12,5.6284053460642575e-16,3.5086580483610455e-05,1.84439130634928e-10,3.0517578125e-05,2470430.072582245,2.5799628423163104e+24,3721,9e-14
0,130,0,3.3398019784340085e-11,2.808064891723916e-10,1.7791655004007848e-11,5.6281268155508585e-06,3.0517578125e-05,4.415777831610439e-06,461590.2796151997,3256006.3124256134,135061.25161627552,33046461.51592208,233557538.4413578,9553180.69825386,1.1378871795841189e+18,1.1390629561192312e+18,1.1378871675836027e+18,4.4429721796345206e+24,9.412956385208081e+25,4.871585023212005e+23,2.3714856648475454e-12,5.628126815550858e-16,4.615900935471937e-05,2.808064891723916e-10,3.0517578125e-05,3256006.3124256134,3.385433806974953e+24,3721,9e-14
0,131,0,5.431006915300799e-11,4.355484861662262e-10,3.047719980707618e-11,5.629797791929569e-06,3.0517578125e-05,4.416873694082609e-06,607378.5150046643,4299642.936862946,178376.4129724615,43464675.4285277,307332975.4659786,12613852.94830521,1.137886982483723e+18,1.1394377133614973e+18,1.1378869610853898e+18,5.83175813429677e+24,1.2320082547491047e+26,6.41511264625211e+23,3.856382842002078e-12,5.629797791929569e-16,6.073780955209821e-05,4.355484861662262e-10,3.0517578125e-05,4299642.936862946,4.4429721796345206e+24,3721,9e-14
0,132,0,9.044069796438295e-11,6.87592205395049e-10,5.2726299392348726e-11,5.6300762397766085e-06,3.0517578125e-05,4.417421625318695e-06,799440.2399058095,5692236.699020386,235617.9577766721,57176848.82140717,405003236.994589,16656704.42719155,1.1378877059988419e+18,1.1399226346948513e+18,1.1378876698438484e+18,7.656082480205227e+24,1.6146245104353e+26,8.448898158340413e+23,6.421902260253864e-12,5.630076239776608e-16,7.994392915170041e-05,6.87592205395049e-10,3.0517578125e-05,5692236.699020386,5.83175813429677e+24,3721,9e-14
0,133,0,1.5311176738029938e-10,1.1032845748104592e-09,9.161129833997534e-11,5.6284053460642575e-06,3.0517578125e-05,4.416325762846524e-06,1052687.9137080638,7561407.3800468445,311296.0673170257,75231752.4601772,534745669.6052527,21998078.98962052,1.1378878564108477e+18,1.1405747447967447e+18,1.1378877927260319e+18,1.0053568117982866e+25,2.1196035938812126e+26,1.1129505845983528e+24,1.0871972763819235e-11,5.6284053460642575e-16,0.00010526857642090939,1.1032845748104592e-09,3.0517578125e-05,7561407.3800468445,7.656082480205227e+24,3721,9e-14
0,134,0,2.619961862320311e-10,1.7961987452963513e-09,1.5939379682747741e-10,5.6281268155508585e-06,3.0517578125e-05,4.415777831610439e-06,1387105.703404962,10090067.478439331,411419.6172590905,99019927.46250823,707876124.5682013,29057423.80260772,1.1378892520928138e+18,1.141430749255387e+18,1.1378891433344061e+18,1.3206393538033722e+25,2.783651696710978e+26,1.4664359133015664e+24,1.860350415691449e-11,5.628126815550858e-16,0.0001387100819835764,1.7961987452963513e-09,3.0517578125e-05,10090067.478439331,1.0053568117982866e+25,3721,9e-14
0,135,0,4.5140568489527217e-10,2.961908052157014e-09,2.7755107586271357e-10,5.629797791929569e-06,3.0517578125e-05,4.416873694082609e-06,1829803.173506047,13547440.527814865,544041.4908305099,130394583.56002407,940329926.0084354,38392361.45561224,1.1378905257142834e+18,1.1425832139624115e+18,1.137890335398974e+18,1.7356992455901607e+25,3.658225796037788e+26,1.93292797780598e+24,3.2052861746352606e-11,5.629797791929569e-16,0.0001829792048247208,2.961908052157014e-09,3.0517578125e-05,13547440.527814865,1.3206393538033722e+25,3721,9e-14
0,136,0,7.8130610330732e-10,4.9392099299439e-09,4.836282053498188e-10,5.6300762397766085e-06,3.0517578125e-05,4.417421625318695e-06,2418299.4703222895,18343548.93150711,720061.531413284,171847112.6246413,1255077768.7685347,50747539.53553959,1.1378938370121916e+18,1.1441204299036936e+18,1.137893509511674e+18,2.2830857989117735e+25,4.813123537279097e+26,2.549333490131421e+24,5.547802641543706e-11,5.630076239776608e-16,0.00024182740369276686,4.9392099299439e-09,3.0517578125e-05,18343548.93150711,1.7356992455901607e+25,3721,9e-14
0,137,0,1.3570242603164825e-09,8.319560151903715e-09,8.436701432327513e-10,5.6284053460642575e-06,3.0517578125e-05,4.416325762846524e-06,3206207.007950925,25130722.39669609,954479.2926305839,226776094.4746864,1686283349.0449991,67124975.51784313,1.1378984867843986e+18,1.1462121847446007e+18,1.137897914718071e+18,3.007154289621218e+25,6.345167934026798e+26,3.365557377610611e+24,9.635791585465596e-11,5.6284053460642575e-16,0.00032061485654611023,8.319560151903715e-09,3.0517578125e-05,25130722.39669609,2.2830857989117735e+25,3721,9e-14
0,138,0,2.364932944821676e-09,1.4147591542723603e-08,1.474493821915802e-09,5.6281268155508585e-06,3.0517578125e-05,4.415777831610439e-06,4273979.987727811,35006248.67094231,1268503.7338088604,299931188.2207922,2286938178.3495436,88890600.8741873,1.1379076534241032e+18,1.1490673782290817e+18,1.1379066615646487e+18,3.969855518372172e+25,8.39362842558407e+26,4.450280536855433e+24,1.6792626068492418e-10,5.628126815550858e-16,0.0004273844594104352,1.4147591542723603e-08,3.0517578125e-05,35006248.67094231,3.007154289621218e+25,3721,9e-14
0,139,0,4.139018129216246e-09,2.4301819223637722e-08,2.5850924969699313e-09,5.629797791929569e-06,3.0517578125e-05,4.416873694082609e-06,5751228.924738356,49951896.328769684,1693449.9428086565,398216587.7952876,3144037950.5869584,117947667.11095554,1.137922570410069e+18,1.1530549533888776e+18,1.137920830174222e+18,5.261254671542472e+25,1.1170469577785696e+27,5.900834025079904e+24,2.9389832757816896e-10,5.629797791929569e-16,0.0005750910954720558,2.4301819223637722e-08,3.0517578125e-05,49951896.328769684,3.969855518372172e+25,3721,9e-14
0,140,0,7.290858121589956e-09,4.2260278831918185e-08,4.55669020436076e-09,5.6300762397766085e-06,3.0517578125e-05,4.417421625318695e-06,7867866.557549682,73889548.31516647,2278730.9464929327,532312028.6416034,4411872000.667742,157047279.3133884,1.1379498279387213e+18,1.1587345840150776e+18,1.1379467682541612e+18,7.0208753908335125e+25,1.5026577546803573e+27,7.861924359865875e+24,5.177003196148964e-10,5.630076239776608e-16,0.0007867102056134266,4.2260278831918185e-08,3.0517578125e-05,73889548.31516647,5.261254671542472e+25,3721,9e-14
0,141,0,1.2981816506474544e-08,7.477530417077105e-08,8.107842840828055e-09,5.6284053460642575e-06,3.0517578125e-05,4.416325762846524e-06,11085669.27853709,115569938.25950432,3110306.9360056305,720382963.3160803,6394879154.346053,210415490.78016135,1.1379971127566844e+18,1.1671467069285914e+18,1.1379916384504796e+18,9.486993273980604e+25,2.061640031811409e+27,1.0565881885419424e+25,9.217969190465868e-10,5.6284053460642575e-16,0.0011083752918900553,7.477530417077105e-08,3.0517578125e-05,115569938.25950432,7.0208753908335125e+25,3721,9e-14
0,142,0,2.3556483053134828e-08,1.3600065784658e-07,1.4670260681578367e-08,5.6281268155508585e-06,3.0517578125e-05,4.415777831610439e-06,16492826.514675338,197996589.99344635,4359917.357331526,998020962.219477,9792204274.304663,285225146.64087856,1.1380836408903634e+18,1.1802929274133407e+18,1.1380736342533523e+18,1.313065974212347e+26,2.9380219155897665e+27,1.4433692954714715e+25,1.6726698829641956e-09,5.628126815550858e-16,0.0016487639253092406,1.3600065784658e-07,3.0517578125e-05,197996589.99344635,9.486993273980604e+25,3721,9e-14
0,143,0,4.4259086039152987e-08,2.5947390369651657e-07,2.7377051503684146e-08,5.629797791929569e-06,3.0517578125e-05,4.416873694082609e-06,27292154.937449705,398076480.18974495,6445994.128186337,1451578764.7194903,16622600827.385595,395828757.4177762,1.1382445224881897e+18,1.2028270258004257e+18,1.138225324009137e+18,1.911641031546141e+26,4.533945857863716e+27,2.0389097096990763e+25,3.142694945670332e-09,5.629797791929569e-16,0.0027275827478911306,2.5947390369651657e-07,3.0517578125e-05,398076480.18974495,1.313065974212347e+26,3721,9e-14
0,144,0,8.903934890430352e-08,5.419484843116606e-07,5.427530906180686e-08,5.6300762397766085e-06,3.0517578125e-05,4.417421625318695e-06,57037325.73536623,1098614574.442562,10765010.520671828,2380999744.7337785,35473182501.69334,580540224.7198323,1.1385680512216268e+18,1.2481194279961718e+18,1.138527545330585e+18,3.1650852082579355e+26,8.503765561770437e+27,3.1239884990911596e+25,6.322396969938907e-09,5.630076239776608e-16,0.005696540041806841,5.419484843116606e-07,3.0517578125e-05,1098614574.442562,1.911641031546141e+26,3721,9e-14
0,145,0,2.0846056988034083e-07,1.373677015692465e-06,1.229492134968721e-07,5.6284053460642575e-06,3.0517578125e-05,4.416325762846524e-06,229722203.84626293,6687512676.722649,26186443.37077234,6074331430.11994,150220890062.81805,1029860396.6926316,1.1393232429747567e+18,1.3731335134840328e+18,1.1392145836341691e+18,8.549840981832705e+26,3.0162607324482174e+28,6.420038274854662e+25,1.4802112635833766e-08,5.6284053460642575e-16,0.022884671532526882,1.373677015692465e-06,3.0517578125e-05,6687512676.722649,3.1650852082579355e+26,3721,9e-14
0,146,0,7.586653501304172e-07,5.914155369879381e-06,4.1029644198670304e-07,5.6281268155508585e-06,3.0517578125e-05,4.415777831610439e-06,25055371972.4901,1255911693357.443,845360636.6799616,434028417599.5162,21699785680211.82,15534983573.367834,1.1422400612929908e+18,2.1340923714408596e+18,1.1415353798139885e+18,6.949655927452951e+28,3.235754778218989e+30,2.1999008852271625e+27,5.38703785403476e-08,5.628126815550858e-16,0.9104948515000915,5.914155369879381e-06,3.0517578125e-05,1255911693357.443,8.549840981832705e+26,3721,9e-14
0,147,0,3.824160157259543e-05,0.00046471883828047567,1.655258340458957e-05,5.629797791929569e-06,3.0517578125e-05,4.416873694082609e-06,9.590594392006253e+18,5.4579815395663944e+20,2.019797210446786e+17,1.6456024482820306e+20,9.36507938455658e+21,3.4656697023206313e+18,3.131283530670435e+18,1.4504262059050566e+20,1.236961835795885e+18,2.440906828106878e+37,1.1160584626239573e+39,6.71731260057691e+35,2.7154101974254544e-06,5.629797791929569e-16,0.9999999974865438,0.00046471883828047567,3.0517578125e-05,5.4579815395663944e+20,6.949655927452951e+28,3721,9e-14
0,148,0,9372.795877657525,146619.31551284605,3854.5234562756877,nan,nan,nan,nan,nan,nan,nan,nan,nan,nan,nan,nan,nan,nan,nan,0.9994825284825725,nan,nan,146619.31551284605,nan,nan,2.440906828106878e+37,3721,9e-14
1,1,0.0,nan,nan,nan,nan,nan,nan,nan,nan,nan,nan,nan,nan,nan,nan,nan,nan,nan,nan,nan,nan,nan,nan,nan,nan,1.0,3721,9e-14
2,1,0.1,nan,nan,nan,nan,nan,nan,nan,nan,nan,nan,nan,nan,nan,nan,nan,nan,nan,nan,nan,nan,nan,nan,nan,nan,1.0,3721,9e-14
3,1,0.2,nan,nan,nan,nan,nan,nan,nan,nan,nan,nan,nan,nan,nan,nan,nan,nan,nan,nan,nan,nan,nan,nan,nan,nan,1.0,3721,9e-14
4,1,0.30000000000000004,nan,nan,nan,nan,nan,nan,nan,nan,nan,nan,nan,nan,nan,nan,nan,nan,nan,nan,nan,nan,nan,nan,nan,nan,1.0,3721,9e-14
5,1,0.4,nan,nan,nan,nan,nan,nan,nan,nan,nan,nan,nan,nan,nan,nan,nan,nan,nan,nan,nan,nan,nan,nan,nan,nan,1.0,3721,9e-14
6,1,0.5,nan,nan,nan,nan,nan,nan,nan,nan,nan,nan,nan,nan,nan,nan,nan,nan,nan,nan,nan,nan,nan,nan,nan,nan,1.0,3721,9e-14
7,1,0.6000000000000001,nan,nan,nan,nan,nan,nan,nan,nan,nan,nan,nan,nan,nan,nan,nan,nan,nan,nan,nan,nan,nan,nan,nan,nan,1.0,3721,9e-14
8,1,0.7000000000000001,nan,nan,nan,nan,nan,nan,nan,nan,nan,nan,nan,nan,nan,nan,nan,nan,nan,nan,nan,nan,nan,nan,nan,nan,1.0,3721,9e-14
9,1,0.8,nan,nan,nan,nan,nan,nan,nan,nan,nan,nan,nan,nan,nan,nan,nan,nan,nan,nan,nan,nan,nan,nan,nan,nan,1.0,3721,9e-14
10,1,0.9,nan,nan,nan,nan,nan,nan,nan,nan,nan,nan,nan,nan,nan,nan,nan,nan,nan,nan,nan,nan,nan,nan,nan,nan,1.0,3721,9e-14
11,1,1.0,nan,nan,nan,nan,nan,nan,nan,nan,nan,nan,nan,nan,nan,nan,nan,nan,nan,nan,nan,nan,nan,nan,nan,nan,1.0,3721,9e-14
12,1,1.1,nan,nan,nan,nan,nan,nan,nan,nan,nan,nan,nan,nan,nan,nan,nan,nan,nan,nan,nan,nan,nan,nan,nan,nan,1.0,3721,9e-14
13,1,1.2000000000000002,nan,nan,nan,nan,nan,nan,nan,nan,nan,nan,nan,nan,nan,nan,nan,nan,nan,nan,nan,nan,nan,nan,nan,nan,1.0,3721,9e-14
